experiment,condition,rep,phase,metric,value,unit
cc,fixed,1,all,total_throughput,523.75,segment/s
cc,fixed,1,all,delay_mean_ms,214.3107526501119,ms
cc,fixed,1,all,delay_p95_ms,952.2387981414795,ms
cc,fixed,1,all,ecn_mean,0.20160371507316932,ratio_or_count
cc,fixed,1,all,ecn_peak,0.23754789272030652,ratio_or_count
cc,fixed,1,all,dup,797,ratio_or_count
cc,fixed,2,all,total_throughput,521.75,segment/s
cc,fixed,2,all,delay_mean_ms,235.7434335912168,ms
cc,fixed,2,all,delay_p95_ms,1095.0610637664795,ms
cc,fixed,2,all,ecn_mean,0.15362331607950602,ratio_or_count
cc,fixed,2,all,ecn_peak,0.30434782608695654,ratio_or_count
cc,fixed,2,all,dup,860,ratio_or_count
cc,fixed,3,all,total_throughput,457.75,segment/s
cc,fixed,3,all,delay_mean_ms,238.3254882158492,ms
cc,fixed,3,all,delay_p95_ms,1223.4108448028564,ms
cc,fixed,3,all,ecn_mean,0.1949378884953115,ratio_or_count
cc,fixed,3,all,ecn_peak,0.2375,ratio_or_count
cc,fixed,3,all,dup,662,ratio_or_count
cc,fixed,4,all,total_throughput,496.25,segment/s
cc,fixed,4,all,delay_mean_ms,249.81214292095478,ms
cc,fixed,4,all,delay_p95_ms,1303.2681941986084,ms
cc,fixed,4,all,ecn_mean,0.19975170652595597,ratio_or_count
cc,fixed,4,all,ecn_peak,0.22844827586206898,ratio_or_count
cc,fixed,4,all,dup,850,ratio_or_count
cc,fixed,5,all,total_throughput,510.125,segment/s
cc,fixed,5,all,delay_mean_ms,228.05716743746675,ms
cc,fixed,5,all,delay_p95_ms,989.3608093261719,ms
cc,fixed,5,all,ecn_mean,0.14183559540626967,ratio_or_count
cc,fixed,5,all,ecn_peak,0.19213973799126638,ratio_or_count
cc,fixed,5,all,dup,856,ratio_or_count
cc,rl_offline,1,all,total_throughput,246.125,segment/s
cc,rl_offline,1,all,delay_mean_ms,81.16717304149148,ms
cc,rl_offline,1,all,delay_p95_ms,412.9030704498291,ms
cc,rl_offline,1,all,ecn_mean,0.21500476799060247,ratio_or_count
cc,rl_offline,1,all,ecn_peak,0.24691358024691357,ratio_or_count
cc,rl_offline,1,all,dup,261,ratio_or_count
cc,rl_offline,2,all,total_throughput,243.75,segment/s
cc,rl_offline,2,all,delay_mean_ms,115.70856949086296,ms
cc,rl_offline,2,all,delay_p95_ms,629.925012588501,ms
cc,rl_offline,2,all,ecn_mean,0.15881946463045268,ratio_or_count
cc,rl_offline,2,all,ecn_peak,0.2087912087912088,ratio_or_count
cc,rl_offline,2,all,dup,307,ratio_or_count
cc,rl_offline,3,all,total_throughput,252.625,segment/s
cc,rl_offline,3,all,delay_mean_ms,82.21797349761142,ms
cc,rl_offline,3,all,delay_p95_ms,471.8639850616455,ms
cc,rl_offline,3,all,ecn_mean,0.16495251072456957,ratio_or_count
cc,rl_offline,3,all,ecn_peak,0.425,ratio_or_count
cc,rl_offline,3,all,dup,247,ratio_or_count
cc,rl_offline,4,all,total_throughput,244.375,segment/s
cc,rl_offline,4,all,delay_mean_ms,104.33266805123935,ms
cc,rl_offline,4,all,delay_p95_ms,512.3670101165771,ms
cc,rl_offline,4,all,ecn_mean,0.200598375709984,ratio_or_count
cc,rl_offline,4,all,ecn_peak,0.25301204819277107,ratio_or_count
cc,rl_offline,4,all,dup,245,ratio_or_count
cc,rl_offline,5,all,total_throughput,238.25,segment/s
cc,rl_offline,5,all,delay_mean_ms,81.37736668266204,ms
cc,rl_offline,5,all,delay_p95_ms,485.6860637664795,ms
cc,rl_offline,5,all,ecn_mean,0.292652489566895,ratio_or_count
cc,rl_offline,5,all,ecn_peak,0.4262295081967213,ratio_or_count
cc,rl_offline,5,all,dup,254,ratio_or_count
cc,lia,1,all,total_throughput,298.5,segment/s
cc,lia,1,all,delay_mean_ms,100.21999318858768,ms
cc,lia,1,all,delay_p95_ms,502.41899490356445,ms
cc,lia,1,all,ecn_mean,0.18555449878971855,ratio_or_count
cc,lia,1,all,ecn_peak,0.2446043165467626,ratio_or_count
cc,lia,1,all,dup,284,ratio_or_count
cc,lia,2,all,total_throughput,285.75,segment/s
cc,lia,2,all,delay_mean_ms,99.37246632420478,ms
cc,lia,2,all,delay_p95_ms,491.82605743408203,ms
cc,lia,2,all,ecn_mean,0.20600234082592103,ratio_or_count
cc,lia,2,all,ecn_peak,0.25,ratio_or_count
cc,lia,2,all,dup,274,ratio_or_count
cc,lia,3,all,total_throughput,300.125,segment/s
cc,lia,3,all,delay_mean_ms,99.28158695620844,ms
cc,lia,3,all,delay_p95_ms,499.5560646057129,ms
cc,lia,3,all,ecn_mean,0.2175275070048826,ratio_or_count
cc,lia,3,all,ecn_peak,0.2847682119205298,ratio_or_count
cc,lia,3,all,dup,271,ratio_or_count
cc,lia,4,all,total_throughput,287.75,segment/s
cc,lia,4,all,delay_mean_ms,134.38190229419047,ms
cc,lia,4,all,delay_p95_ms,1024.8839855194092,ms
cc,lia,4,all,ecn_mean,0.21798242035995852,ratio_or_count
cc,lia,4,all,ecn_peak,0.2518518518518518,ratio_or_count
cc,lia,4,all,dup,291,ratio_or_count
cc,lia,5,all,total_throughput,286.75,segment/s
cc,lia,5,all,delay_mean_ms,101.59379162966833,ms
cc,lia,5,all,delay_p95_ms,733.544111251831,ms
cc,lia,5,all,ecn_mean,0.17253905736640285,ratio_or_count
cc,lia,5,all,ecn_peak,0.25,ratio_or_count
cc,lia,5,all,dup,274,ratio_or_count
cc,rl,1,all,total_throughput,236.25,segment/s
cc,rl,1,all,delay_mean_ms,98.48099800360774,ms
cc,rl,1,all,delay_p95_ms,524.1367816925049,ms
cc,rl,1,all,ecn_mean,0.24291446980910908,ratio_or_count
cc,rl,1,all,ecn_peak,0.345679012345679,ratio_or_count
cc,rl,1,all,dup,180,ratio_or_count
cc,rl,2,all,total_throughput,237.375,segment/s
cc,rl,2,all,delay_mean_ms,69.195536129703,ms
cc,rl,2,all,delay_p95_ms,331.5699100494385,ms
cc,rl,2,all,ecn_mean,0.16718849031006322,ratio_or_count
cc,rl,2,all,ecn_peak,0.2682926829268293,ratio_or_count
cc,rl,2,all,dup,192,ratio_or_count
cc,rl,3,all,total_throughput,249.625,segment/s
cc,rl,3,all,delay_mean_ms,93.65724529748537,ms
cc,rl,3,all,delay_p95_ms,422.2438335418701,ms
cc,rl,3,all,ecn_mean,0.16944636859476173,ratio_or_count
cc,rl,3,all,ecn_peak,0.25,ratio_or_count
cc,rl,3,all,dup,279,ratio_or_count
cc,rl,4,all,total_throughput,253.75,segment/s
cc,rl,4,all,delay_mean_ms,114.10283753465255,ms
cc,rl,4,all,delay_p95_ms,508.1300735473633,ms
cc,rl,4,all,ecn_mean,0.1492880945803079,ratio_or_count
cc,rl,4,all,ecn_peak,0.25663716814159293,ratio_or_count
cc,rl,4,all,dup,267,ratio_or_count
cc,rl,5,all,total_throughput,266.875,segment/s
cc,rl,5,all,delay_mean_ms,104.82433729813692,ms
cc,rl,5,all,delay_p95_ms,542.2301292419434,ms
cc,rl,5,all,ecn_mean,0.16012586701104653,ratio_or_count
cc,rl,5,all,ecn_peak,0.23469387755102042,ratio_or_count
cc,rl,5,all,dup,213,ratio_or_count
cc,aimd,1,all,total_throughput,449.375,segment/s
cc,aimd,1,all,delay_mean_ms,205.12402693355384,ms
cc,aimd,1,all,delay_p95_ms,1058.7689876556396,ms
cc,aimd,1,all,ecn_mean,0.2707216079396426,ratio_or_count
cc,aimd,1,all,ecn_peak,0.45394736842105265,ratio_or_count
cc,aimd,1,all,dup,382,ratio_or_count
cc,aimd,2,all,total_throughput,393.5,segment/s
cc,aimd,2,all,delay_mean_ms,197.15608794706804,ms
cc,aimd,2,all,delay_p95_ms,1175.5659580230713,ms
cc,aimd,2,all,ecn_mean,0.19264451243726347,ratio_or_count
cc,aimd,2,all,ecn_peak,0.26811594202898553,ratio_or_count
cc,aimd,2,all,dup,332,ratio_or_count
cc,aimd,3,all,total_throughput,401.875,segment/s
cc,aimd,3,all,delay_mean_ms,168.2885427410768,ms
cc,aimd,3,all,delay_p95_ms,928.6408424377441,ms
cc,aimd,3,all,ecn_mean,0.21361717803466923,ratio_or_count
cc,aimd,3,all,ecn_peak,0.25146198830409355,ratio_or_count
cc,aimd,3,all,dup,374,ratio_or_count
cc,aimd,4,all,total_throughput,414.875,segment/s
cc,aimd,4,all,delay_mean_ms,194.98180911945386,ms
cc,aimd,4,all,delay_p95_ms,1074.4309425354004,ms
cc,aimd,4,all,ecn_mean,0.2011651107465748,ratio_or_count
cc,aimd,4,all,ecn_peak,0.24516129032258063,ratio_or_count
cc,aimd,4,all,dup,346,ratio_or_count
cc,aimd,5,all,total_throughput,410.0,segment/s
cc,aimd,5,all,delay_mean_ms,178.40114650650375,ms
cc,aimd,5,all,delay_p95_ms,1173.6741065979004,ms
cc,aimd,5,all,ecn_mean,0.1892866029968255,ratio_or_count
cc,aimd,5,all,ecn_peak,0.3,ratio_or_count
cc,aimd,5,all,dup,465,ratio_or_count
cc,olia,1,all,total_throughput,299.875,segment/s
cc,olia,1,all,delay_mean_ms,98.3473300946012,ms
cc,olia,1,all,delay_p95_ms,461.2770080566406,ms
cc,olia,1,all,ecn_mean,0.12729658794615747,ratio_or_count
cc,olia,1,all,ecn_peak,0.19852941176470587,ratio_or_count
cc,olia,1,all,dup,273,ratio_or_count
cc,olia,2,all,total_throughput,299.75,segment/s
cc,olia,2,all,delay_mean_ms,104.24248976450342,ms
cc,olia,2,all,delay_p95_ms,428.6918640136719,ms
cc,olia,2,all,ecn_mean,0.2046100868973852,ratio_or_count
cc,olia,2,all,ecn_peak,0.22900763358778625,ratio_or_count
cc,olia,2,all,dup,274,ratio_or_count
cc,olia,3,all,total_throughput,299.625,segment/s
cc,olia,3,all,delay_mean_ms,94.7249966423983,ms
cc,olia,3,all,delay_p95_ms,367.8741455078125,ms
cc,olia,3,all,ecn_mean,0.22388839501825383,ratio_or_count
cc,olia,3,all,ecn_peak,0.2846153846153846,ratio_or_count
cc,olia,3,all,dup,275,ratio_or_count
cc,olia,4,all,total_throughput,285.875,segment/s
cc,olia,4,all,delay_mean_ms,120.99656759886585,ms
cc,olia,4,all,delay_p95_ms,814.734935760498,ms
cc,olia,4,all,ecn_mean,0.21263129192558844,ratio_or_count
cc,olia,4,all,ecn_peak,0.25925925925925924,ratio_or_count
cc,olia,4,all,dup,265,ratio_or_count
cc,olia,5,all,total_throughput,290.875,segment/s
cc,olia,5,all,delay_mean_ms,117.22282619825393,ms
cc,olia,5,all,delay_p95_ms,1052.8559684753418,ms
cc,olia,5,all,ecn_mean,0.2041131515643937,ratio_or_count
cc,olia,5,all,ecn_peak,0.2833333333333333,ratio_or_count
cc,olia,5,all,dup,257,ratio_or_count
cc,local,1,all,total_throughput,325.5,segment/s
cc,local,1,all,delay_mean_ms,575.3214075549433,ms
cc,local,1,all,delay_p95_ms,7057.132959365845,ms
cc,local,1,all,ecn_mean,0.23035832585468877,ratio_or_count
cc,local,1,all,ecn_peak,0.32558139534883723,ratio_or_count
cc,local,1,all,dup,491,ratio_or_count
cc,local,2,all,total_throughput,406.75,segment/s
cc,local,2,all,delay_mean_ms,171.2311792238729,ms
cc,local,2,all,delay_p95_ms,720.1669216156006,ms
cc,local,2,all,ecn_mean,0.22468649207701258,ratio_or_count
cc,local,2,all,ecn_peak,0.29927007299270075,ratio_or_count
cc,local,2,all,dup,463,ratio_or_count
cc,local,3,all,total_throughput,434.5,segment/s
cc,local,3,all,delay_mean_ms,187.84022219253072,ms
cc,local,3,all,delay_p95_ms,837.7161026000977,ms
cc,local,3,all,ecn_mean,0.1903384486042443,ratio_or_count
cc,local,3,all,ecn_peak,0.24083769633507854,ratio_or_count
cc,local,3,all,dup,484,ratio_or_count
cc,local,4,all,total_throughput,466.875,segment/s
cc,local,4,all,delay_mean_ms,183.37197082889523,ms
cc,local,4,all,delay_p95_ms,1060.6060028076172,ms
cc,local,4,all,ecn_mean,0.20231420152900942,ratio_or_count
cc,local,4,all,ecn_peak,0.25,ratio_or_count
cc,local,4,all,dup,488,ratio_or_count
cc,local,5,all,total_throughput,443.375,segment/s
cc,local,5,all,delay_mean_ms,174.84798247198128,ms
cc,local,5,all,delay_p95_ms,799.4101047515869,ms
cc,local,5,all,ecn_mean,0.1711609035279795,ratio_or_count
cc,local,5,all,ecn_peak,0.19072164948453607,ratio_or_count
cc,local,5,all,dup,446,ratio_or_count
resilience,0,1,all,ordered,35,segment
resilience,0,1,all,unique_delivered,748,segment
resilience,0,1,all,missing,52,segment
resilience,0,1,all,duplicates,0,segment
resilience,0,1,all,delay_p95_ms,924.7760772705078,ms
resilience,0,2,all,ordered,20,segment
resilience,0,2,all,unique_delivered,744,segment
resilience,0,2,all,missing,56,segment
resilience,0,2,all,duplicates,0,segment
resilience,0,2,all,delay_p95_ms,1147.2699642181396,ms
resilience,0,3,all,ordered,44,segment
resilience,0,3,all,unique_delivered,751,segment
resilience,0,3,all,missing,49,segment
resilience,0,3,all,duplicates,0,segment
resilience,0,3,all,delay_p95_ms,1225.6321907043457,ms
resilience,0,4,all,ordered,35,segment
resilience,0,4,all,unique_delivered,748,segment
resilience,0,4,all,missing,52,segment
resilience,0,4,all,duplicates,0,segment
resilience,0,4,all,delay_p95_ms,724.6170043945312,ms
resilience,0,5,all,ordered,35,segment
resilience,0,5,all,unique_delivered,748,segment
resilience,0,5,all,missing,52,segment
resilience,0,5,all,duplicates,0,segment
resilience,0,5,all,delay_p95_ms,1092.6589965820312,ms
resilience,1,1,all,ordered,35,segment
resilience,1,1,all,unique_delivered,768,segment
resilience,1,1,all,missing,32,segment
resilience,1,1,all,duplicates,0,segment
resilience,1,1,all,delay_p95_ms,1176.6471862792969,ms
resilience,1,2,all,ordered,35,segment
resilience,1,2,all,unique_delivered,768,segment
resilience,1,2,all,missing,32,segment
resilience,1,2,all,duplicates,0,segment
resilience,1,2,all,delay_p95_ms,788.9628410339355,ms
resilience,1,3,all,ordered,35,segment
resilience,1,3,all,unique_delivered,768,segment
resilience,1,3,all,missing,32,segment
resilience,1,3,all,duplicates,0,segment
resilience,1,3,all,delay_p95_ms,968.803882598877,ms
resilience,1,4,all,ordered,35,segment
resilience,1,4,all,unique_delivered,768,segment
resilience,1,4,all,missing,32,segment
resilience,1,4,all,duplicates,20,segment
resilience,1,4,all,delay_p95_ms,828.7289142608643,ms
resilience,1,5,all,ordered,32,segment
resilience,1,5,all,unique_delivered,767,segment
resilience,1,5,all,missing,33,segment
resilience,1,5,all,duplicates,0,segment
resilience,1,5,all,delay_p95_ms,725.1238822937012,ms
resilience,3,1,all,ordered,800,segment
resilience,3,1,all,unique_delivered,800,segment
resilience,3,1,all,missing,0,segment
resilience,3,1,all,duplicates,0,segment
resilience,3,1,all,delay_p95_ms,2168.6630249023438,ms
resilience,3,2,all,ordered,800,segment
resilience,3,2,all,unique_delivered,800,segment
resilience,3,2,all,missing,0,segment
resilience,3,2,all,duplicates,0,segment
resilience,3,2,all,delay_p95_ms,1243.6249256134033,ms
resilience,3,3,all,ordered,800,segment
resilience,3,3,all,unique_delivered,800,segment
resilience,3,3,all,missing,0,segment
resilience,3,3,all,duplicates,0,segment
resilience,3,3,all,delay_p95_ms,1588.5579586029053,ms
resilience,3,4,all,ordered,800,segment
resilience,3,4,all,unique_delivered,800,segment
resilience,3,4,all,missing,0,segment
resilience,3,4,all,duplicates,41,segment
resilience,3,4,all,delay_p95_ms,814.2309188842773,ms
resilience,3,5,all,ordered,800,segment
resilience,3,5,all,unique_delivered,800,segment
resilience,3,5,all,missing,0,segment
resilience,3,5,all,duplicates,0,segment
resilience,3,5,all,delay_p95_ms,1174.198865890503,ms
resilience,15,1,all,ordered,800,segment
resilience,15,1,all,unique_delivered,800,segment
resilience,15,1,all,missing,0,segment
resilience,15,1,all,duplicates,33,segment
resilience,15,1,all,delay_p95_ms,781.0308933258057,ms
resilience,15,2,all,ordered,800,segment
resilience,15,2,all,unique_delivered,800,segment
resilience,15,2,all,missing,0,segment
resilience,15,2,all,duplicates,18,segment
resilience,15,2,all,delay_p95_ms,982.659101486206,ms
resilience,15,3,all,ordered,800,segment
resilience,15,3,all,unique_delivered,800,segment
resilience,15,3,all,missing,0,segment
resilience,15,3,all,duplicates,18,segment
resilience,15,3,all,delay_p95_ms,777.4839401245117,ms
resilience,15,4,all,ordered,800,segment
resilience,15,4,all,unique_delivered,800,segment
resilience,15,4,all,missing,0,segment
resilience,15,4,all,duplicates,49,segment
resilience,15,4,all,delay_p95_ms,1088.3631706237793,ms
resilience,15,5,all,ordered,800,segment
resilience,15,5,all,unique_delivered,800,segment
resilience,15,5,all,missing,0,segment
resilience,15,5,all,duplicates,8,segment
resilience,15,5,all,delay_p95_ms,941.4019584655762,ms
dynamic,local,1,normal,throughput,628.5676891160709,segment/s
dynamic,local,1,normal,direct_path_share,0.4936284372904091,fraction
dynamic,local,1,normal,cwnd_mean,24.121481481481478,segment
dynamic,local,1,congested,throughput,460.62514840096134,segment/s
dynamic,local,1,congested,direct_path_share,0.695906432748538,fraction
dynamic,local,1,congested,cwnd_mean,16.811851851851852,segment
dynamic,local,1,recovery,throughput,583.0251535966642,segment/s
dynamic,local,1,recovery,direct_path_share,0.518048128342246,fraction
dynamic,local,1,recovery,cwnd_mean,19.439999999999998,segment
dynamic,local,2,normal,throughput,494.50575247053393,segment/s
dynamic,local,2,normal,direct_path_share,0.45099667774086377,fraction
dynamic,local,2,normal,cwnd_mean,23.11619047619047,segment
dynamic,local,2,congested,throughput,412.3393326820261,segment/s
dynamic,local,2,congested,direct_path_share,0.6389413988657845,fraction
dynamic,local,2,congested,cwnd_mean,16.56,segment
dynamic,local,2,recovery,throughput,578.0364828033057,segment/s
dynamic,local,2,recovery,direct_path_share,0.5134770889487871,fraction
dynamic,local,2,recovery,cwnd_mean,20.61333333333333,segment
dynamic,local,3,normal,throughput,506.3934512111019,segment/s
dynamic,local,3,normal,direct_path_share,0.40327868852459015,fraction
dynamic,local,3,normal,cwnd_mean,26.145185185185188,segment
dynamic,local,3,congested,throughput,432.84182858220254,segment/s
dynamic,local,3,congested,direct_path_share,0.6045045045045045,fraction
dynamic,local,3,congested,cwnd_mean,16.746666666666666,segment
dynamic,local,3,recovery,throughput,561.8583829790397,segment/s
dynamic,local,3,recovery,direct_path_share,0.7091836734693877,fraction
dynamic,local,3,recovery,cwnd_mean,21.84,segment
dynamic,rl,1,normal,throughput,379.80767337011133,segment/s
dynamic,rl,1,normal,direct_path_share,0.4206098843322818,fraction
dynamic,rl,1,normal,cwnd_mean,12.0,segment
dynamic,rl,1,congested,throughput,271.21096038651365,segment/s
dynamic,rl,1,congested,direct_path_share,0.5747126436781609,fraction
dynamic,rl,1,congested,cwnd_mean,8.333333333333334,segment
dynamic,rl,1,recovery,throughput,327.71806918419,segment/s
dynamic,rl,1,recovery,direct_path_share,0.475,fraction
dynamic,rl,1,recovery,cwnd_mean,10.133333333333333,segment
dynamic,rl,2,normal,throughput,334.27024317730707,segment/s
dynamic,rl,2,normal,direct_path_share,0.4348864994026284,fraction
dynamic,rl,2,normal,cwnd_mean,12.106666666666667,segment
dynamic,rl,2,congested,throughput,270.20933937216927,segment/s
dynamic,rl,2,congested,direct_path_share,0.56998556998557,fraction
dynamic,rl,2,congested,cwnd_mean,8.666666666666668,segment
dynamic,rl,2,recovery,throughput,321.1984612490591,segment/s
dynamic,rl,2,recovery,direct_path_share,0.48426150121065376,fraction
dynamic,rl,2,recovery,cwnd_mean,9.799999999999999,segment
dynamic,rl,3,normal,throughput,345.9036963356619,segment/s
dynamic,rl,3,normal,direct_path_share,0.45958429561200925,fraction
dynamic,rl,3,normal,cwnd_mean,10.933333333333332,segment
dynamic,rl,3,congested,throughput,271.3854343880348,segment/s
dynamic,rl,3,congested,direct_path_share,0.5747126436781609,fraction
dynamic,rl,3,congested,cwnd_mean,8.4,segment
dynamic,rl,3,recovery,throughput,345.83502767822404,segment/s
dynamic,rl,3,recovery,direct_path_share,0.46952595936794583,fraction
dynamic,rl,3,recovery,cwnd_mean,10.226666666666667,segment
