all_complete,complete_fraction,completion_time_s,delivered_records,max_observed_ecn_ratio,mean_flow_delay_ms,mean_flow_p95_ms,multipath_verified,ordered_p95_ms,phase_1_mean_ecn_ratio,phase_1_throughput_seg_s,phase_2_mean_ecn_ratio,phase_2_throughput_seg_s,phase_3_mean_ecn_ratio,phase_3_throughput_seg_s,protocol,recovery_max_gap_s,rep,scenario,throughput_seg_s
True,1.0,,,,72.72386951072612,441.30208366666557,True,,,,,,,,mptcp,,1,static,86349.75
True,1.0,,,,3.853317640936018,15.329758666666748,,,,,,,,,tcp,,1,static,567067.75
True,1.0,,,,2.983883619840837,8.83186833333364,,,,,,,,,tcp,,2,static,586103.5
True,1.0,,,,101.45559952094122,678.1608470000056,True,,,,,,,,mptcp,,2,static,38630.625
True,1.0,,,,3.415856412960295,10.281711333334442,,,,,,,,,tcp,,3,static,571591.625
True,1.0,,,,110.01576030954095,587.1022643333296,True,,,,,,,,mptcp,,3,static,57746.875
True,1.0,,,,118.20593621740795,656.1129289999977,True,,,,,,,,mptcp,,4,static,53378.125
True,1.0,,,,3.062618364063018,17.3695249999876,,,,,,,,,tcp,,4,static,539796.125
True,1.0,,,,3.0321410428322246,11.977348333346072,,,,,,,,,tcp,,5,static,576872.25
True,1.0,,,,123.60464671081111,616.5729910000076,True,,,,,,,,mptcp,,5,static,57134.375
True,1.0,,,0.9977528089887641,98.23727379041566,559.0967586666503,True,,0.13626459579742334,26781.666666666668,0.5793658929658274,58487.33333333333,0.5147924207298908,73899.33333333333,mptcp,,1,dynamic,53056.11111111111
True,1.0,,,0.0,3.148396463337612,18.49028033333866,,,0.0,507813.3333333333,0.0,516161.0,0.0,520286.3333333333,tcp,,1,dynamic,514753.5555555555
True,1.0,,,0.0,3.392008045686175,20.23210200000373,,,0.0,444403.6666666666,0.0,526468.3333333333,0.0,535593.6666666667,tcp,,2,dynamic,502155.22222222225
True,1.0,,,0.9973190348525469,78.49821328080075,420.4671293333225,True,,0.12789465581546616,23863.0,0.5891123456844469,73984.33333333333,0.4375773246353339,105652.66666666667,mptcp,,2,dynamic,67833.33333333333
True,1.0,,,0.0,3.2454910891675706,14.121698333336022,,,0.0,487616.0,0.0,506770.6666666667,0.0,500492.0,tcp,,3,dynamic,498292.8888888889
True,1.0,,,1.0,49.055628855906356,252.8187310000097,True,,0.16602579735015857,36957.333333333336,0.6249818198389532,54551.333333333336,0.48569658490840795,70418.66666666667,mptcp,,3,dynamic,53975.777777777774
True,1.0,8.024838498000008,800,,332.0773074725001,1079.6739959999968,True,1079.6739959999968,,,,,,,mptcp,0.5194741419999787,1,fault,66.66666666666667
True,1.0,8.520534741000006,800,,323.93857440624856,6057.977206999965,,6057.977206999965,,,,,,,tcp,6.427249845999995,1,fault,66.66666666666667
True,1.0,8.674022691999994,800,,327.2547357662489,6066.837541999974,,6066.837541999974,,,,,,,tcp,6.397982835999983,2,fault,66.66666666666667
True,1.0,8.002280310000003,800,,380.97030544499995,1218.0747299999553,True,1218.0747299999553,,,,,,,mptcp,0.675615587999971,2,fault,66.66666666666667
True,1.0,8.592919868000024,800,,325.6839135362501,175.39578000003075,,175.39578000003075,,,,,,,tcp,6.3941625190000195,3,fault,66.66666666666667
True,1.0,8.091696404999993,800,,437.14804771624927,1136.0572370000455,True,1136.0572370000455,,,,,,,mptcp,0.7621316899999897,3,fault,66.66666666666667
True,1.0,8.433581950000018,800,,582.1574294900004,1228.3314059999952,True,1228.3314059999952,,,,,,,mptcp,1.1265011410000056,4,fault,66.66666666666667
True,1.0,8.749858156999949,800,,352.2027291762489,342.9423199999633,,342.9423199999633,,,,,,,tcp,6.403960573000006,4,fault,66.66666666666667
True,1.0,8.609264555000038,800,,320.2792027012509,6006.962514000008,,6006.962514000008,,,,,,,tcp,6.36707002899999,5,fault,66.66666666666667
True,1.0,8.02809746600002,800,,382.4374056625009,1093.1493420000038,True,1093.1493420000038,,,,,,,mptcp,0.4809932809999964,5,fault,66.66666666666667
